"","date","iso3c","country","gdp_per_cap","pop_size","sec_enrol","mort","democracy"
"1",1960,"AFG","Afghanistan",NA,9035043,NA,353.2,0
"2",1961,"AFG","Afghanistan",NA,9214083,NA,347.6,0
"3",1962,"AFG","Afghanistan",NA,9404406,NA,342.3,0
"4",1963,"AFG","Afghanistan",NA,9604487,NA,336.8,0
"5",1964,"AFG","Afghanistan",NA,9814318,NA,331.7,0
"6",1965,"AFG","Afghanistan",NA,10036008,NA,326.5,0
"7",1966,"AFG","Afghanistan",NA,10266395,NA,321.5,0
"8",1967,"AFG","Afghanistan",NA,10505959,NA,316.6,0
"9",1968,"AFG","Afghanistan",NA,10756922,NA,311.6,0
"10",1969,"AFG","Afghanistan",NA,11017409,NA,306.4,0
"11",1970,"AFG","Afghanistan",NA,11290128,8.36410045623779,301.6,0
"12",1971,"AFG","Afghanistan",NA,11567667,9.37827014923096,296.5,0
"13",1972,"AFG","Afghanistan",NA,11853696,10.4142398834228,291.4,0
"14",1973,"AFG","Afghanistan",NA,12157999,10.9321804046631,285.9,0
"15",1974,"AFG","Afghanistan",NA,12469127,11.0948801040649,280.6,0
"16",1975,"AFG","Afghanistan",NA,12773954,11.5955896377563,275.2,0
"17",1976,"AFG","Afghanistan",NA,13059851,12.4582595825195,269.7,0
"18",1977,"AFG","Afghanistan",NA,13340756,13.2592697143555,263.8,0
"19",1978,"AFG","Afghanistan",NA,13611441,13.8213396072388,257.9,0
"20",1979,"AFG","Afghanistan",NA,13655567,NA,251.9,0
"21",1980,"AFG","Afghanistan",NA,13169311,16.732780456543,245.7,0
"22",1981,"AFG","Afghanistan",NA,11937581,20.0920791625977,239.4,0
"23",1982,"AFG","Afghanistan",NA,10991378,12.295000076294,279.9,0
"24",1983,"AFG","Afghanistan",NA,10917982,NA,274.4,0
"25",1984,"AFG","Afghanistan",NA,11190221,13.6493997573853,309.1,0
"26",1985,"AFG","Afghanistan",NA,11426852,13.4969701766968,300.9,0
"27",1986,"AFG","Afghanistan",NA,11420074,12.1385698318481,253.1,0
"28",1987,"AFG","Afghanistan",NA,11387818,NA,247.2,0
"29",1988,"AFG","Afghanistan",NA,11523298,13.2139596939087,218.4,0
"30",1989,"AFG","Afghanistan",NA,11874088,12.6811199188232,187.1,0
"31",1990,"AFG","Afghanistan",NA,12045660,11.0395498275757,180.7,0
"32",1991,"AFG","Afghanistan",NA,12238879,17.1836109161377,174.4,0
"33",1992,"AFG","Afghanistan",NA,13278974,NA,168.5,0
"34",1993,"AFG","Afghanistan",NA,14943172,17.4169101715088,163,0
"35",1994,"AFG","Afghanistan",NA,16250794,23.4685802459717,157.7,0
"36",1995,"AFG","Afghanistan",NA,17065836,23.0545196533203,152.8,0
"37",1996,"AFG","Afghanistan",NA,17763266,NA,148.3,0
"38",1997,"AFG","Afghanistan",NA,18452091,NA,144.1,0
"39",1998,"AFG","Afghanistan",NA,19159996,NA,139.9,0
"40",1999,"AFG","Afghanistan",NA,19887785,NA,135.8,0
"41",2000,"AFG","Afghanistan",174.930991430166,20130327,NA,131.7,0
"42",2001,"AFG","Afghanistan",138.706821676113,20284307,14.0404100418091,127.4,0
"43",2002,"AFG","Afghanistan",178.954088379235,21378117,NA,123.1,0
"44",2003,"AFG","Afghanistan",198.871115728727,22733049,13.959529876709,118.7,0
"45",2004,"AFG","Afghanistan",221.763653873013,23560654,19.2143802642822,114.2,0
"46",2005,"AFG","Afghanistan",254.184249149336,24404567,20.2735099792481,109.7,0
"47",2006,"AFG","Afghanistan",274.218553561575,25424094,29.523889541626,105.1,0
"48",2007,"AFG","Afghanistan",376.223152003876,25909852,28.8154907226562,100.7,0
"49",2008,"AFG","Afghanistan",381.73323802844,26482622,38.930850982666,96.3,0
"50",2009,"AFG","Afghanistan",452.053705477043,27466101,44.2999496459961,92.2,0
"51",2010,"AFG","Afghanistan",560.621505463146,28284089,50.4406204223633,88.3,0
"52",2011,"AFG","Afghanistan",606.694676337726,29347708,52.4474296569824,84.6,0
"53",2012,"AFG","Afghanistan",651.417134470046,30560034,54.372859954834,81.2,0
"54",2013,"AFG","Afghanistan",637.087099117099,31622704,54.8833694458008,78,0
"55",2014,"AFG","Afghanistan",625.054941813938,32792523,54.2936515808105,75.1,0
"56",2015,"AFG","Afghanistan",565.569730408751,33831764,53.1501083374023,72.4,0
"57",2016,"AFG","Afghanistan",522.082215583898,34700612,53.4350395202637,70,0
"58",2017,"AFG","Afghanistan",525.469770891619,35688935,55.5364303588867,67.6,0
"59",2018,"AFG","Afghanistan",491.337221382603,36743039,57.3578491210938,65.4,0
"60",2019,"AFG","Afghanistan",496.6025042585,37856121,NA,63.3,0
"61",2020,"AFG","Afghanistan",510.787063366811,39068979,NA,61.3,0
"62",2021,"AFG","Afghanistan",356.496214115892,40000412,NA,59.3,NA
"63",2022,"AFG","Afghanistan",357.261152798144,40578842,NA,57.4,NA
"64",1960,"BRA","Brazil",235.266009502589,72388126,NA,169.4,1
"65",1961,"BRA","Brazil",231.564063269854,74605447,NA,164.7,1
"66",1962,"BRA","Brazil",250.200572910273,76865323,NA,160.3,1
"67",1963,"BRA","Brazil",294.169619376733,79164235,NA,156.1,1
"68",1964,"BRA","Brazil",257.259726897671,81488595,NA,152.2,0
"69",1965,"BRA","Brazil",268.028760553723,83817583,NA,148.6,0
"70",1966,"BRA","Brazil",328.343791519407,86139359,NA,145.2,0
"71",1967,"BRA","Brazil",351.472600370379,88446124,NA,141.9,0
"72",1968,"BRA","Brazil",373.925432639683,90741240,NA,138.8,0
"73",1969,"BRA","Brazil",399.49841913391,93045777,NA,135.5,0
"74",1970,"BRA","Brazil",443.799484982738,95375651,NA,132.2,0
"75",1971,"BRA","Brazil",500.001988983361,97739273,NA,128.9,0
"76",1972,"BRA","Brazil",583.492034946156,100146797,NA,125.5,0
"77",1973,"BRA","Brazil",814.731780553415,102600976,NA,122.1,0
"78",1974,"BRA","Brazil",1044.76980947499,105089675,NA,118.9,0
"79",1975,"BRA","Brazil",1200.55823714607,107619565,NA,115.6,0
"80",1976,"BRA","Brazil",1389.74952306555,110213349,NA,112.1,0
"81",1977,"BRA","Brazil",1562.29143045708,112875292,NA,108.3,0
"82",1978,"BRA","Brazil",1732.50012204556,115600942,NA,104.3,0
"83",1979,"BRA","Brazil",1869.7133759549,118380821,NA,100.1,0
"84",1980,"BRA","Brazil",1958.57159232662,121207461,NA,95.7,0
"85",1981,"BRA","Brazil",2079.70908377484,124063109,NA,91.4,0
"86",1982,"BRA","Brazil",2137.6250359394,126923155,NA,87.3,0
"87",1983,"BRA","Brazil",1461.25582714178,129790077,NA,83.4,0
"88",1984,"BRA","Brazil",1419.73154606978,132658864,NA,79.8,0
"89",1985,"BRA","Brazil",1556.1297180511,135515595,NA,76.7,1
"90",1986,"BRA","Brazil",1854.03775211919,138336370,NA,73.8,1
"91",1987,"BRA","Brazil",2006.00226235757,141104944,NA,71.1,1
"92",1988,"BRA","Brazil",2140.65027561164,143826357,NA,68.4,1
"93",1989,"BRA","Brazil",2818.99277980122,146502972,NA,65.8,1
"94",1990,"BRA","Brazil",2581.14187449078,149143223,NA,63.1,1
"95",1991,"BRA","Brazil",2257.6092968885,151724256,NA,60.2,1
"96",1992,"BRA","Brazil",2127.31642731638,154275079,NA,57.2,1
"97",1993,"BRA","Brazil",2348.88247685352,156794577,NA,54.1,1
"98",1994,"BRA","Brazil",3298.71250747787,159265006,NA,50.9,1
"99",1995,"BRA","Brazil",4756.74840785403,161735073,NA,47.7,1
"100",1996,"BRA","Brazil",5179.13052002464,164202549,NA,44.7,1
"101",1997,"BRA","Brazil",5299.39630404412,166661659,NA,41.9,1
"102",1998,"BRA","Brazil",5105.89099544117,169159655,NA,39.3,1
"103",1999,"BRA","Brazil",3493.57162513699,171641543,NA,36.8,1
"104",2000,"BRA","Brazil",3766.54811466032,174018282,NA,34.5,1
"105",2001,"BRA","Brazil",3176.28935747524,176301203,NA,32.2,1
"106",2002,"BRA","Brazil",2855.94018885769,178503484,NA,30.1,1
"107",2003,"BRA","Brazil",3090.6070097455,180622688,NA,28.1,1
"108",2004,"BRA","Brazil",3663.823188064,182675143,NA,26.3,1
"109",2005,"BRA","Brazil",4827.78173074714,184688101,NA,24.6,1
"110",2006,"BRA","Brazil",5934.14470924968,186653106,NA,23.1,1
"111",2007,"BRA","Brazil",7409.69130673473,188552320,NA,21.7,1
"112",2008,"BRA","Brazil",8908.33176538648,190367302,NA,20.5,1
"113",2009,"BRA","Brazil",8678.6592244676,192079951,NA,19.5,1
"114",2010,"BRA","Brazil",11403.2821278747,193701929,NA,18.6,1
"115",2011,"BRA","Brazil",13396.6243562986,195284734,NA,17.9,1
"116",2012,"BRA","Brazil",12521.7213519966,196876111,94.3209762573242,17.2,1
"117",2013,"BRA","Brazil",12458.8912138813,198478299,103.917686462402,16.7,1
"118",2014,"BRA","Brazil",12274.9939689363,200085127,102.635528564453,16.3,1
"119",2015,"BRA","Brazil",8936.19661712113,201675532,100.920516967773,16,1
"120",2016,"BRA","Brazil",8836.28652735657,203218114,102.56950378418,16.8,1
"121",2017,"BRA","Brazil",10080.5092819305,204703445,103.015960693359,15.4,1
"122",2018,"BRA","Brazil",9300.66164923219,206107261,105.00707244873,15.2,1
"123",2019,"BRA","Brazil",9029.83326681073,207455459,103.953277587891,15,1
"124",2020,"BRA","Brazil",7074.19378337644,208660842,104.125999450684,14.9,1
"125",2021,"BRA","Brazil",7972.5366498646,209550294,106.651893615723,14.7,NA
"126",2022,"BRA","Brazil",9281.33334441234,210306415,106.031188964844,14.6,NA
"127",1960,"ITA","Italy",836.905850281885,50199700,NA,51.9,1
"128",1961,"ITA","Italy",923.08778375214,50536350,NA,49.8,1
"129",1962,"ITA","Italy",1030.15800343763,50879450,NA,47.6,1
"130",1963,"ITA","Italy",1171.3869628098,51252000,NA,45.3,1
"131",1964,"ITA","Italy",1271.80119301518,51675350,NA,43.1,1
"132",1965,"ITA","Italy",1357.0106162201,52112350,NA,41.1,1
"133",1966,"ITA","Italy",1458.94713889011,52519000,NA,39.3,1
"134",1967,"ITA","Italy",1595.48578129215,52900500,NA,37.8,1
"135",1968,"ITA","Italy",1718.49646427147,53235750,NA,36.4,1
"136",1969,"ITA","Italy",1886.45002730465,53537950,NA,35.1,1
"137",1970,"ITA","Italy",2111.71986404332,53821850,NA,33.6,1
"138",1971,"ITA","Italy",2310.92376058816,54073490,NA,31.8,1
"139",1972,"ITA","Italy",2677.29372999774,54381345,NA,29.8,1
"140",1973,"ITA","Italy",3212.63949627574,54751406,NA,27.6,1
"141",1974,"ITA","Italy",3629.49182319594,55110868,NA,25.3,1
"142",1975,"ITA","Italy",4116.45964933054,55441001,NA,23.1,1
"143",1976,"ITA","Italy",4042.39482463789,55718260,NA,21.1,1
"144",1977,"ITA","Italy",4614.21004931651,55955411,NA,19.5,1
"145",1978,"ITA","Italy",5623.42917622719,56155143,NA,18.2,1
"146",1979,"ITA","Italy",7006.39699054556,56317749,NA,17,1
"147",1980,"ITA","Italy",8476.41045000836,56433883,NA,16.1,1
"148",1981,"ITA","Italy",7640.40241250516,56501675,NA,15.2,1
"149",1982,"ITA","Italy",7573.93967597775,56543548,NA,14.3,1
"150",1983,"ITA","Italy",7850.62789042275,56564074,NA,13.5,1
"151",1984,"ITA","Italy",7757.55374836822,56576718,NA,12.7,1
"152",1985,"ITA","Italy",8009.10347642127,56593071,NA,12,1
"153",1986,"ITA","Italy",11341.0939892903,56596155,NA,11.4,1
"154",1987,"ITA","Italy",14267.5368168757,56601931,NA,10.8,1
"155",1988,"ITA","Italy",15780.9495122174,56629288,NA,10.4,1
"156",1989,"ITA","Italy",16424.4301587005,56671781,NA,10,1
"157",1990,"ITA","Italy",20873.7834092719,56719240,NA,9.7,1
"158",1991,"ITA","Italy",22007.1350964074,56758521,NA,9.3,1
"159",1992,"ITA","Italy",23297.0460325456,56797087,NA,8.9,1
"160",1993,"ITA","Italy",18781.9529427137,56831821,NA,8.5,1
"161",1994,"ITA","Italy",19382.2002150155,56843400,NA,8,1
"162",1995,"ITA","Italy",20712.1798690324,56844303,NA,7.5,1
"163",1996,"ITA","Italy",23122.9337219116,56860281,NA,7,1
"164",1997,"ITA","Italy",21883.9872666651,56890372,NA,6.6,1
"165",1998,"ITA","Italy",22365.1837644545,56906744,NA,6.2,1
"166",1999,"ITA","Italy",22049.9990620261,56916317,NA,5.9,1
"167",2000,"ITA","Italy",20190.0035636084,56942108,94.7987899780273,5.6,1
"168",2001,"ITA","Italy",20570.4385917862,56976981,97.2837066650391,5.3,1
"169",2002,"ITA","Italy",22451.3964379368,57089824,98.8138809204102,5.1,1
"170",2003,"ITA","Italy",27577.5700319855,57399184,99.5263137817383,4.8,1
"171",2004,"ITA","Italy",31348.1901841445,57828179,99.0750198364258,4.6,1
"172",2005,"ITA","Italy",32062.723833669,58166682,99.2056274414062,4.5,1
"173",2006,"ITA","Italy",33537.1286994269,58399861,99.5338516235352,4.3,1
"174",2007,"ITA","Italy",37826.1754554823,58756247,99.8377380371094,4.2,1
"175",2008,"ITA","Italy",40828.5795580937,59211181,100.291458129883,4.1,1
"176",2009,"ITA","Italy",37099.6133958219,59555454,100.175491333008,4.1,1
"177",2010,"ITA","Italy",35856.8625485539,59819407,101.401161193848,4,1
"178",2011,"ITA","Italy",38432.3742820019,60026841,101.59642791748,3.9,1
"179",2012,"ITA","Italy",34854.3949441965,60191247,100.449836730957,3.8,1
"180",2013,"ITA","Italy",35701.6746002376,60311613,100.973121643066,3.7,1
"181",2014,"ITA","Italy",36028.3494022349,60320707,101.121726989746,3.6,1
"182",2015,"ITA","Italy",30639.8829751432,60229605,101.228088378906,3.5,1
"183",2016,"ITA","Italy",31391.5692898108,60115223,100.742958068848,3.4,1
"184",2017,"ITA","Italy",32844.115660604,60002252,101.01001739502,3.3,1
"185",2018,"ITA","Italy",34904.1081923834,60148658,101.526412963867,3.2,1
"186",2019,"ITA","Italy",33812.788724868,59729081,101.74178314209,3.1,1
"187",2020,"ITA","Italy",32091.4866621366,59438851,101.836128234863,3,1
"188",2021,"ITA","Italy",36852.5425414951,59133173,101.834869384766,2.9,NA
"189",2022,"ITA","Italy",35653.9042103495,59013667,101.353858947754,2.8,NA
"190",1960,"NGA","Nigeria",93.1370090424417,45053782,NA,NA,NA
"191",1961,"NGA","Nigeria",97.1375281143562,45989310,NA,NA,1
"192",1962,"NGA","Nigeria",104.532495533943,46965292,NA,NA,1
"193",1963,"NGA","Nigeria",107.675741358944,47973575,NA,NA,1
"194",1964,"NGA","Nigeria",113.297345671875,49012016,NA,327.1,1
"195",1965,"NGA","Nigeria",117.287226824734,50086764,NA,320.2,1
"196",1966,"NGA","Nigeria",124.382440176253,51188234,NA,313.4,0
"197",1967,"NGA","Nigeria",99.5014906604697,52293065,NA,306.6,0
"198",1968,"NGA","Nigeria",97.3372081255964,53432783,NA,299.9,0
"199",1969,"NGA","Nigeria",121.436663307697,54631914,NA,292.5,0
"200",1970,"NGA","Nigeria",224.46293599595,55893838,4.47895002365112,285.1,0
"201",1971,"NGA","Nigeria",160.479255841113,57214684,4.84703016281128,277,0
"202",1972,"NGA","Nigeria",209.454776294345,58601748,5.39129018783569,268.8,0
"203",1973,"NGA","Nigeria",252.369032452868,60082139,6.01967000961304,260.5,0
"204",1974,"NGA","Nigeria",402.836999782685,61679144,NA,252,0
"205",1975,"NGA","Nigeria",438.078813916795,63410815,NA,243.9,0
"206",1976,"NGA","Nigeria",556.389687719878,65258009,NA,236.2,0
"207",1977,"NGA","Nigeria",535.965307817329,67234590,7.78704977035522,229.1,0
"208",1978,"NGA","Nigeria",526.895852928476,69326532,9.1794900894165,222.9,0
"209",1979,"NGA","Nigeria",660.994040864293,71498242,11.1410799026489,217.6,1
"210",1980,"NGA","Nigeria",870.359934682057,73764641,13.870659828186,213.2,1
"211",1981,"NGA","Nigeria",2162.20995436075,76068103,17.2738208770752,210,1
"212",1982,"NGA","Nigeria",1821.53265482387,78378701,21.0725994110107,208,1
"213",1983,"NGA","Nigeria",1207.07374565349,80438260,25.0670204162598,207.2,0
"214",1984,"NGA","Nigeria",890.434106332302,82526443,28.75705909729,207.2,0
"215",1985,"NGA","Nigeria",868.640540548893,84897973,29.1342906951904,207.8,0
"216",1986,"NGA","Nigeria",628.248453718536,87235953,26.9905109405518,208.7,0
"217",1987,"NGA","Nigeria",587.956613434089,89591716,26.8306694030762,209.4,0
"218",1988,"NGA","Nigeria",539.539468397166,92020090,NA,209.9,0
"219",1989,"NGA","Nigeria",465.488089532188,94531014,23.6370792388916,210.1,0
"220",1990,"NGA","Nigeria",556.376449130902,97120925,23.9810009002686,209.8,0
"221",1991,"NGA","Nigeria",596.938795710722,99720162,NA,209.2,0
"222",1992,"NGA","Nigeria",508.515905682785,102372770,NA,208.3,0
"223",1993,"NGA","Nigeria",539.573202297542,105122069,NA,207.3,0
"224",1994,"NGA","Nigeria",744.884247151377,107935714,NA,205.8,0
"225",1995,"NGA","Nigeria",1271.61617353199,110819428,NA,203.8,0
"226",1996,"NGA","Nigeria",1632.72469370276,113754779,NA,201.1,0
"227",1997,"NGA","Nigeria",1720.27540949396,116754792,NA,197.4,0
"228",1998,"NGA","Nigeria",1822.46998452473,119846254,NA,192.9,0
"229",1999,"NGA","Nigeria",480.669363941805,123047320,22.8324108123779,187.8,0
"230",2000,"NGA","Nigeria",547.318298903379,126382494,23.9613494873047,182.3,0
"231",2001,"NGA","Nigeria",566.428231812933,129862595,26.3999805450439,176.8,0
"232",2002,"NGA","Nigeria",712.164852077686,133471989,28.8738098144531,171.1,0
"233",2003,"NGA","Nigeria",763.388745367223,137202644,NA,165.4,0
"234",2004,"NGA","Nigeria",962.48104194733,141057045,33.9481201171875,159.8,0
"235",2005,"NGA","Nigeria",1211.37703504386,145017253,33.7729187011719,154.5,0
"236",2006,"NGA","Nigeria",1599.53891556365,149077334,33.1262817382812,149.6,0
"237",2007,"NGA","Nigeria",1815.52697545827,153267261,30.4232006072998,145.2,0
"238",2008,"NGA","Nigeria",2154.10543545364,157595014,33.6112785339355,141.3,0
"239",2009,"NGA","Nigeria",1820.48633854782,162049464,37.1381416320801,138,0
"240",2010,"NGA","Nigeria",2202.25672957344,166642886,41.7837982177734,135.1,0
"241",2011,"NGA","Nigeria",2418.41316975875,171379598,43.0239906311035,132.9,0
"242",2012,"NGA","Nigeria",2633.19734671361,176200625,44.4557914733887,130.9,0
"243",2013,"NGA","Nigeria",2872.79083379398,181049443,52.7967300415039,129.3,0
"244",2014,"NGA","Nigeria",3088.72131316169,185896915,42.7821502685547,127.9,0
"245",2015,"NGA","Nigeria",2585.73360671797,190671878,43.8246917724609,126.4,1
"246",2016,"NGA","Nigeria",2070.4127339595,195443700,39.3068084716797,124.8,1
"247",2017,"NGA","Nigeria",1876.34027111773,200254579,NA,122.8,1
"248",2018,"NGA","Nigeria",2057.87944554011,204938755,40.4885292053223,120.2,1
"249",2019,"NGA","Nigeria",2265.15520863056,209485641,NA,117.5,1
"250",2020,"NGA","Nigeria",2019.65706326224,213996181,44.1220893859863,114.4,1
"251",2021,"NGA","Nigeria",2017.27486481527,218529286,45.444938659668,111.3,NA
"252",2022,"NGA","Nigeria",2139.37478476974,223150896,NA,108.1,NA
"253",1960,"SWE","Sweden",2128.38884406565,7484656,NA,19.6,1
"254",1961,"SWE","Sweden",2304.49788603539,7519998,NA,19.2,1
"255",1962,"SWE","Sweden",2485.49414710873,7561588,NA,18.6,1
"256",1963,"SWE","Sweden",2675.10362417593,7604328,NA,17.9,1
"257",1964,"SWE","Sweden",2961.06283239536,7661354,NA,17.1,1
"258",1965,"SWE","Sweden",3227.91678230659,7733853,NA,16.3,1
"259",1966,"SWE","Sweden",3477.93731316877,7807797,NA,15.6,1
"260",1967,"SWE","Sweden",3746.2478747264,7867931,NA,14.9,1
"261",1968,"SWE","Sweden",3953.12834043751,7912273,NA,14.4,1
"262",1969,"SWE","Sweden",4262.97496488087,7968072,NA,13.9,1
"263",1970,"SWE","Sweden",4729.40500975204,8042801,NA,13.4,1
"264",1971,"SWE","Sweden",5125.32917499696,8098334,NA,12.9,1
"265",1972,"SWE","Sweden",6018.45963232017,8122300,NA,12.3,1
"266",1973,"SWE","Sweden",7290.71401910023,8136312,NA,11.6,1
"267",1974,"SWE","Sweden",8078.27876796371,8159955,NA,10.9,1
"268",1975,"SWE","Sweden",10102.7548636011,8192437,NA,10.3,1
"269",1976,"SWE","Sweden",10852.6438272293,8222286,NA,9.8,1
"270",1977,"SWE","Sweden",11432.15272476,8251540,NA,9.4,1
"271",1978,"SWE","Sweden",12602.3664021925,8275599,NA,9,1
"272",1979,"SWE","Sweden",14855.7663048123,8293678,NA,8.7,1
"273",1980,"SWE","Sweden",17073.2406585323,8310531,NA,8.4,1
"274",1981,"SWE","Sweden",15564.0119622243,8320503,NA,8.2,1
"275",1982,"SWE","Sweden",13719.2113978268,8325263,NA,8,1
"276",1983,"SWE","Sweden",12590.0946134283,8329033,NA,7.8,1
"277",1984,"SWE","Sweden",13080.1803912865,8336605,NA,7.7,1
"278",1985,"SWE","Sweden",13647.2005587291,8350386,NA,7.6,1
"279",1986,"SWE","Sweden",17955.1571459902,8369829,NA,7.5,1
"280",1987,"SWE","Sweden",21761.2144545083,8397804,NA,7.4,1
"281",1988,"SWE","Sweden",24499.4053182958,8436489,NA,7.3,1
"282",1989,"SWE","Sweden",25625.3103686166,8492964,NA,7.2,1
"283",1990,"SWE","Sweden",30549.6692751763,8558835,NA,7,1
"284",1991,"SWE","Sweden",31777.0327994132,8617375,NA,6.6,1
"285",1992,"SWE","Sweden",32753.8047025569,8668067,NA,6.2,1
"286",1993,"SWE","Sweden",24390.1538004271,8718561,NA,5.7,1
"287",1994,"SWE","Sweden",26045.8148927701,8780745,NA,5.2,1
"288",1995,"SWE","Sweden",30254.2972932631,8826939,NA,4.8,1
"289",1996,"SWE","Sweden",33022.5649478838,8840998,NA,4.6,1
"290",1997,"SWE","Sweden",30324.4510931063,8846062,NA,4.4,1
"291",1998,"SWE","Sweden",30605.6227188103,8850974,NA,4.2,1
"292",1999,"SWE","Sweden",30969.1033509483,8857874,NA,4.1,1
"293",2000,"SWE","Sweden",29632.7736101599,8872109,151.756378173828,4.1,1
"294",2001,"SWE","Sweden",27259.4806735435,8895960,147.903442382812,4,1
"295",2002,"SWE","Sweden",29957.9387652616,8924958,144.218505859375,4,1
"296",2003,"SWE","Sweden",37292.4214343004,8958229,136.474304199219,3.9,1
"297",2004,"SWE","Sweden",42758.2015503417,8993531,101.425491333008,3.7,1
"298",2005,"SWE","Sweden",43378.6152117149,9029572,101.482162475586,3.6,1
"299",2006,"SWE","Sweden",46531.6001120572,9080505,101.204086303711,3.5,1
"300",2007,"SWE","Sweden",53568.5645523213,9148092,100.998710632324,3.3,1
"301",2008,"SWE","Sweden",55817.4392710726,9219637,101.521087646484,3.2,1
"302",2009,"SWE","Sweden",46707.8673215418,9298515,101.434310913086,3.1,1
"303",2010,"SWE","Sweden",52542.8274141037,9378126,102.25106048584,3.1,1
"304",2011,"SWE","Sweden",60379.7748160321,9449213,102.14037322998,3,1
"305",2012,"SWE","Sweden",57749.8251328664,9519374,103.106872558594,3,1
"306",2013,"SWE","Sweden",60844.2767113975,9600379,132.713500976562,2.9,1
"307",2014,"SWE","Sweden",59583.7140001673,9696110,133.660247802734,2.9,1
"308",2015,"SWE","Sweden",51197.9529341175,9799186,137.462966918945,2.9,1
"309",2016,"SWE","Sweden",51820.3972482676,9923085,137.561157226562,2.8,1
"310",2017,"SWE","Sweden",53300.8587281785,10057698,142.641586303711,2.8,1
"311",2018,"SWE","Sweden",54181.9069780904,10175214,140.821746826172,2.7,1
"312",2019,"SWE","Sweden",51773.0464558993,10278887,136.641006469727,2.6,1
"313",2020,"SWE","Sweden",52653.7565934247,10353442,136.426132202148,2.6,1
"314",2021,"SWE","Sweden",61174.9680215622,10415811,138.688186645508,2.5,NA
"315",2022,"SWE","Sweden",55296.9371472535,10486941,139.406524658203,2.5,NA
"316",1960,"UGA","Uganda",55.3784976132181,7640973,NA,223.3,NA
"317",1961,"UGA","Uganda",56.1759278091596,7862217,NA,219.4,NA
"318",1962,"UGA","Uganda",55.5048704604887,8092231,NA,215.8,NA
"319",1963,"UGA","Uganda",61.9553768191835,8333663,NA,212.5,0
"320",1964,"UGA","Uganda",68.6259930194368,8586363,NA,209.2,0
"321",1965,"UGA","Uganda",99.9527652325075,8849203,NA,205.9,0
"322",1966,"UGA","Uganda",101.435414620908,9122864,NA,202.6,0
"323",1967,"UGA","Uganda",102.80034732844,9408924,NA,199.4,0
"324",1968,"UGA","Uganda",106.851228104531,9708632,NA,196.6,0
"325",1969,"UGA","Uganda",116.682296330854,10014858,NA,194.3,0
"326",1970,"UGA","Uganda",122.030929585629,10321603,3.47943997383118,193,0
"327",1971,"UGA","Uganda",133.468088316131,10618206,NA,192.9,0
"328",1972,"UGA","Uganda",136.964736487473,10885796,NA,193.7,0
"329",1973,"UGA","Uganda",152.709417587824,11144236,3.5278799533844,195.7,0
"330",1974,"UGA","Uganda",183.71757196626,11424846,3.50662994384766,198.7,0
"331",1975,"UGA","Uganda",201.237292844799,11725240,3.52420997619629,202.7,0
"332",1976,"UGA","Uganda",203.309813650809,12037294,4.16145992279053,207.2,0
"333",1977,"UGA","Uganda",237.584889064205,12359669,4.27235984802246,211.7,0
"334",1978,"UGA","Uganda",190.690145097606,12692113,4.35549020767212,215.6,0
"335",1979,"UGA","Uganda",164.513012181127,13002163,4.45361995697021,218,0
"336",1980,"UGA","Uganda",93.7506991135184,13275741,4.8145899772644,219.9,1
"337",1981,"UGA","Uganda",98.6467550654109,13556452,5.11131000518799,218.5,1
"338",1982,"UGA","Uganda",156.952422909331,13873631,7.60493993759155,214.3,1
"339",1983,"UGA","Uganda",157.527216922525,14221881,6.74786996841431,208.7,1
"340",1984,"UGA","Uganda",247.516937638636,14607677,7.92201995849609,203.3,1
"341",1985,"UGA","Uganda",234.276502777526,15023681,8.47751045227051,198.7,0
"342",1986,"UGA","Uganda",253.643058810817,15467579,9.7850399017334,195.1,0
"343",1987,"UGA","Uganda",392.97074320479,15954170,10.7959995269775,192.2,0
"344",1988,"UGA","Uganda",395.187660960924,16470483,11.3819599151611,189.4,0
"345",1989,"UGA","Uganda",310.186025249445,17010698,NA,186.5,0
"346",1990,"UGA","Uganda",244.987168126806,17569897,11.0182104110718,182.8,0
"347",1991,"UGA","Uganda",182.955897348348,18155901,10.3139801025391,178.6,0
"348",1992,"UGA","Uganda",152.113542415537,18785032,10.0910997390747,174.3,0
"349",1993,"UGA","Uganda",165.616476211716,19445161,10.0285797119141,170.3,0
"350",1994,"UGA","Uganda",198.441987998795,20108801,10.2928104400635,167,0
"351",1995,"UGA","Uganda",278.520835668767,20665667,10.6459398269653,164.5,0
"352",1996,"UGA","Uganda",284.698259285733,21231550,NA,162.4,0
"353",1997,"UGA","Uganda",286.846637912964,21856046,10.1793003082275,159.8,0
"354",1998,"UGA","Uganda",292.453037058835,22515806,NA,156.2,0
"355",1999,"UGA","Uganda",257.921949601357,23257281,NA,151.5,0
"356",2000,"UGA","Uganda",258.050338731086,24000150,NA,145.6,0
"357",2001,"UGA","Uganda",236.021188853993,24745676,NA,138.8,0
"358",2002,"UGA","Uganda",241.984688408335,25532870,NA,131.2,0
"359",2003,"UGA","Uganda",250.71543664681,26352124,NA,123.1,0
"360",2004,"UGA","Uganda",292.38185796262,27154515,19.1225490570068,114.9,0
"361",2005,"UGA","Uganda",330.405402707025,27963289,NA,107,0
"362",2006,"UGA","Uganda",346.518255310647,28794003,NA,99.7,0
"363",2007,"UGA","Uganda",401.389130865581,29653430,24.0911102294922,93,0
"364",2008,"UGA","Uganda",472.842681495852,30539553,NA,86.9,0
"365",2009,"UGA","Uganda",798.947089938247,31451151,NA,81.4,0
"366",2010,"UGA","Uganda",823.488144282,32390802,NA,76.1,0
"367",2011,"UGA","Uganda",835.620060555838,33354543,NA,71,0
"368",2012,"UGA","Uganda",795.222867553127,34337438,NA,66.7,0
"369",2013,"UGA","Uganda",818.285427416713,35337042,NA,62.4,0
"370",2014,"UGA","Uganda",896.054795546394,36395539,NA,59.1,0
"371",2015,"UGA","Uganda",862.934610355811,37531446,NA,55.8,0
"372",2016,"UGA","Uganda",752.696571725656,38799152,NA,52.5,0
"373",2017,"UGA","Uganda",765.218332297361,40177388,NA,49.8,0
"374",2018,"UGA","Uganda",792.16570022814,41565831,NA,47.4,0
"375",2019,"UGA","Uganda",822.171150141651,42999637,NA,45.3,0
"376",2020,"UGA","Uganda",845.76646385001,44457152,NA,43.5,0
"377",2021,"UGA","Uganda",882.791717442001,45910930,NA,41.8,NA
"378",2022,"UGA","Uganda",963.067314233497,47312719,NA,40.5,NA
"379",2024,"UGA","Uganda",1072.71369837695,50015092,NA,NA,NA
"380",2023,"SWE","Sweden",55567.0890080496,10536632,134.244293212891,2.5,NA
"381",2024,"SWE","Sweden",57723.2345031532,10569709,NA,NA,NA
"382",2023,"NGA","Nigeria",1596.63696129001,227882945,46.8931503295898,104.9,NA
"383",2024,"NGA","Nigeria",806.945695055244,232679478,NA,NA,NA
"384",2023,"ITA","Italy",39065.4244365633,58993475,100.678756713867,2.8,NA
"385",2023,"BRA","Brazil",10377.5892792557,211140729,NA,14.4,NA
"386",2024,"BRA","Brazil",10280.3148624429,211998573,NA,NA,NA
"387",2023,"AFG","Afghanistan",413.757894705303,41454761,NA,55.5,NA
"388",2024,"AFG","Afghanistan",NA,42647492,NA,NA,NA
"389",2023,"UGA","Uganda",1002.30913908852,48656601,NA,38.8,NA
"390",2024,"ITA","Italy",40226.0472416173,58986023,NA,NA,NA
